{
  "swagger" : "2.0",
  "info" : {
    "description" : "Contains all available API endpoints in this codebase",
    "version" : "1.0.0",
    "title" : "Bank Argent API documentation",
    "termsOfService" : "http://swagger.io/terms/"
  },
  "host" : "localhost:3001",
  "basePath" : "/api/v1",
  "schemes" : [ "http" ],
  "paths" : {
    "/user/login" : {
      "post" : {
        "tags" : [ "User Module" ],
        "summary" : "Login",
        "description" : "API for Login",
        "produces" : [ "application/json" ],
        "parameters" : [ {
          "in" : "body",
          "name" : "body",
          "description" : "Login Payload",
          "required" : true,
          "schema" : {
            "$ref" : "#/definitions/Login"
          }
        } ],
        "responses" : {
          "200" : {
            "description" : "Login Successfully",
            "schema" : {
              "$ref" : "#/definitions/LoginResponse"
            }
          },
          "400" : {
            "description" : "Invalid Fields"
          },
          "500" : {
            "description" : "Internal Server Error"
          }
        }
      }
    },
    "/user/signup" : {
      "post" : {
        "tags" : [ "User Module" ],
        "summary" : "Signup",
        "description" : "API for Signup",
        "produces" : [ "application/json" ],
        "parameters" : [ {
          "in" : "body",
          "name" : "body",
          "description" : "Signup Payload",
          "required" : true,
          "schema" : {
            "$ref" : "#/definitions/User"
          }
        } ],
        "responses" : {
          "200" : {
            "description" : "Signup Successfully",
            "schema" : {
              "$ref" : "#/definitions/ApiResponse"
            }
          },
          "400" : {
            "description" : "Invalid Fields"
          },
          "500" : {
            "description" : "Internal Server Error"
          }
        }
      }
    },
    "/user/profile" : {
      "post" : {
        "tags" : [ "User Module" ],
        "summary" : "User Profile API",
        "description" : "API for fetching a user profile",
        "parameters" : [ ],
        "security" : [ {
          "Bearer" : [ ]
        } ],
        "responses" : {
          "200" : {
            "description" : "User profile retrieved successully",
            "schema" : {
              "$ref" : "#/definitions/ApiResponse"
            }
          },
          "400" : {
            "description" : "Invalid Fields"
          },
          "500" : {
            "description" : "Internal Server Error"
          }
        }
      },
      "put" : {
        "tags" : [ "User Module" ],
        "summary" : "User Profile API",
        "description" : "API for updating a user profile",
        "produces" : [ "application/json" ],
        "parameters" : [ {
          "in" : "body",
          "name" : "body",
          "description" : "Update user profile attributes",
          "required" : true,
          "schema" : {
            "$ref" : "#/definitions/UserProfile"
          }
        } ],
        "security" : [ {
          "Bearer" : [ ]
        } ],
        "responses" : {
          "200" : {
            "description" : "User profile updated successfully",
            "schema" : {
              "$ref" : "#/definitions/ApiResponse"
            }
          },
          "400" : {
            "description" : "Invalid Fields"
          },
          "500" : {
            "description" : "Internal Server Error"
          }
        }
      }
    },
    "/transactions/{accountId}" : {
      "get" : {
        "tags" : [ "Transaction Module" ],
        "summary" : "Retrieve account transactions",
        "description" : "Fetches transactions for a specific account.",
        "parameters" : [ {
          "name" : "accountId",
          "in" : "path",
          "description" : "The ID of the account for which transactions are being fetched.",
          "required" : true,
          "type" : "string"
        } ],
        "security" : [ {
          "Bearer" : [ ]
        } ],
        "responses" : {
          "200" : {
            "description" : "Successfully retrieved account transactions",
            "schema" : {
              "$ref" : "#/definitions/AccountTransactions"
            }
          },
          "400" : {
            "description" : "Invalid account ID"
          },
          "500" : {
            "description" : "Internal server error"
          }
        }
      }
    }
  },
  "securityDefinitions" : {
    "Bearer" : {
      "type" : "apiKey",
      "name" : "Authorization",
      "in" : "header"
    }
  },
  "definitions" : {
    "User" : {
      "type" : "object",
      "properties" : {
        "email" : {
          "type" : "string",
          "description" : "user email"
        },
        "password" : {
          "type" : "string",
          "description" : "user password"
        },
        "firstName" : {
          "type" : "string",
          "description" : "user first name"
        },
        "lastName" : {
          "type" : "string",
          "description" : "user last name"
        },
        "userName" : {
          "type" : "string",
          "description" : "user public name"
        }
      }
    },
    "Login" : {
      "type" : "object",
      "properties" : {
        "email" : {
          "type" : "string",
          "description" : "user email"
        },
        "password" : {
          "type" : "string",
          "description" : "user password"
        }
      }
    },
    "ApiResponse" : {
      "type" : "object",
      "properties" : {
        "status" : {
          "type" : "integer"
        },
        "message" : {
          "type" : "string"
        },
        "body" : {
          "$ref" : "#/definitions/ApiResponse_body"
        }
      }
    },
    "LoginResponse" : {
      "type" : "object",
      "properties" : {
        "token" : {
          "type" : "string"
        }
      }
    },
    "UserProfile" : {
      "type" : "object",
      "properties" : {
        "userName" : {
          "type" : "string"
        }
      }
    },
    "AccountTransactions" : {
      "type" : "object",
      "properties" : {
        "status" : {
          "type" : "integer"
        },
        "message" : {
          "type" : "string"
        },
        "body" : {
          "$ref" : "#/definitions/AccountTransactions_body"
        }
      }
    },
    "UpdateTransactionDetails" : {
      "type" : "object",
      "properties" : {
        "category" : {
          "type" : "string"
        },
        "note" : {
          "type" : "string"
        }
      }
    },
    "ApiResponse_body" : {
      "type" : "object",
      "properties" : {
        "id" : {
          "type" : "string"
        },
        "email" : {
          "type" : "string"
        }
      }
    },
    "AccountTransactions_body" : {
      "type" : "object",
      "properties" : {
        "date" : {
          "type" : "string"
        },
        "description" : {
          "type" : "string"
        },
        "amount" : {
          "type" : "string"
        },
        "type" : {
          "type" : "string"
        },
        "category" : {
          "type" : "string"
        },
        "note" : {
          "type" : "string"
        }
      }
    }
  }
}